[
  {
    "centerName": "서울시청소년상담복지센터",
    "oldAddress": "서울특별시 중구 수표동 27-2 청소년회관 7층",
    "newAddress": "서울특별시 중구 을지로 11길 23 7층",
    "homepage": "www.teen1318.or.kr",
    "email": "22851318@hanmail.net",
    "hp": "0222851318",
    "gu": "중구",
    "dong": "수표동",
    "lat": "37.5674695165793",
    "lot": "126.990556542568",
    "kind": "1"
  },
  {
    "centerName": "노원구청소년상담복지센터",
    "oldAddress": "서울특별시 노원구 상계동 1035-9 2층",
    "newAddress": "서울특별시 노원구 수락산로 212-19 2층",
    "homepage": "www.nowonyouthcenter.org",
    "email": "1388youth@hanmail.net",
    "hp": "0220911388",
    "gu": "노원구",
    "dong": "상계동",
    "lat": "37.6714432224369",
    "lot": "127.054826706724",
    "kind": "1"
  },
  {
    "centerName": "양천구청소년상담복지센터",
    "oldAddress": "서울특별시 양천구 신월동 1078-1",
    "newAddress": "서울특별시 양천구 남부순환로83길 53",
    "homepage": "http://yangcheon1388.or.kr/",
    "email": "ycg1388@naver.com",
    "hp": "0226468341",
    "gu": "양천구",
    "dong": "신월동",
    "lat": "37.5180156016829",
    "lot": "126.845086473562",
    "kind": "1"
  },
  {
    "centerName": "영등포구청소년상담복지센터",
    "oldAddress": "서울특별시 영등포구 영등포동 645-20 해광빌딩 2층",
    "newAddress": "서울특별시 영등포구 도영로22길 36 해광빌딩 2층",
    "homepage": "www.young1318.com",
    "email": "yp26766114@daum.net",
    "hp": "0226766114",
    "gu": "영등포구",
    "dong": "영등포동",
    "lat": "37.5101566080895",
    "lot": "126.903292797536",
    "kind": "1"
  },
  {
    "centerName": "동작구청소년상담복지센터",
    "oldAddress": "서울특별시 동작구 신대방동 722 시립보라매청소년센터 슬기동 2층",
    "newAddress": "서울특별시 동작구 여의대방로20길 61 시립보라매청소년센터 슬기동 2층",
    "homepage": "http://djyc1388.or.kr/",
    "email": "dongjak-c@boramyc.or.kr",
    "hp": "028341355",
    "gu": "동작구",
    "dong": "신대방동",
    "lat": "37.493868600332",
    "lot": "126.921806283465",
    "kind": "1"
  },
  {
    "centerName": "강남구청소년상담복지센터",
    "oldAddress": "서울특별시 강남구 수서동 749 서울시립 수서청소년수련원 2층",
    "newAddress": "서울특별시 강남구 광평로 144 수서청소년수련관 2층",
    "homepage": "www.gnyc.or.kr",
    "email": "hisangdam@hanmail.net",
    "hp": "0222268555",
    "gu": "강남구",
    "dong": "수서동",
    "lat": "37.4835908846708",
    "lot": "127.088792896988",
    "kind": "1"
  },
  {
    "centerName": "중랑구청소년상담복지센터",
    "oldAddress": "서울특별시 중랑구 면목동 1382-10 중랑청소년수련관 3층",
    "newAddress": "서울특별시 중랑구 용마산로 217 청소년수련관 3층",
    "homepage": "www.jn1318.or.kr",
    "email": "jnyouth1318@daum.net",
    "hp": "024900222",
    "gu": "중랑구",
    "dong": "면목동",
    "lat": "37.5732265834742",
    "lot": "127.085972757774",
    "kind": "1"
  },
  {
    "centerName": "강북구청소년상담복지센터",
    "oldAddress": "서울특별시 강북구 수유동 535-380 시립강북청소년센터",
    "newAddress": "서울특별시 강북구 4.19로 74",
    "homepage": "www.gb1318.or.kr",
    "email": "gb1388@hanmail.net",
    "hp": "0267156661",
    "gu": "강북구",
    "dong": "수유동",
    "lat": "37.6459890891427",
    "lot": "127.006405787731",
    "kind": "1"
  },
  {
    "centerName": "도봉구청소년상담복지센터",
    "oldAddress": "서울특별시 도봉구 창동 1-6 창동운동장 및 문화체육센터 1층",
    "newAddress": "서울특별시 도봉구 노해로69길 132 문화체육센터 1층",
    "homepage": "www.db1318.or.kr",
    "email": "cdyouth1388@hanmail.net",
    "hp": "0269564501",
    "gu": "도봉구",
    "dong": "창동",
    "lat": "37.6581173975205",
    "lot": "127.05070532949",
    "kind": "1"
  },
  {
    "centerName": "성동구청소년상담복지센터",
    "oldAddress": "서울특별시 성동구 금호동1가 산37-1",
    "newAddress": "서울특별시 성동구 행당로6길 24-15",
    "homepage": "https://www.sdfac.or.kr/kor/tcwc/main.do?gotoMenuNo=",
    "email": "22991388@hanmail.net",
    "hp": "0222991388",
    "gu": "성동구",
    "dong": "금호동",
    "lat": "37.5542260055762",
    "lot": "127.02709903145",
    "kind": "1"
  },
  {
    "centerName": "금천구청소년상담복지센터",
    "oldAddress": "서울특별시 금천구 시흥동 산84-7",
    "newAddress": "서울특별시 금천구 금하로30길 54",
    "homepage": "www.gc1388.or.kr",
    "email": "8041389@hanmail.net",
    "hp": "028031873",
    "gu": "금천구",
    "dong": "시흥동",
    "lat": "37.4482220959798",
    "lot": "126.915690843449",
    "kind": "1"
  },
  {
    "centerName": "서대문구청소년상담복지센터",
    "oldAddress": "서울특별시 서대문구 북가좌동 337-15",
    "newAddress": "서울특별시 서대문구 증가로30길 45-9",
    "homepage": "www.sdm7979.or.kr/",
    "email": "1388sdm@naver.com",
    "hp": "0231411318",
    "gu": "서대문구",
    "dong": "북가좌동",
    "lat": "37.5847231370197",
    "lot": "126.913729506525",
    "kind": "1"
  },
  {
    "centerName": "은평구청소년상담복지센터",
    "oldAddress": "서울특별시 은평구 응암동 산6-46 은평청소년수련관",
    "newAddress": "서울특별시 은평구 백련산로4길 16 은평청소년수련관",
    "homepage": "http://www.ep1318.or.kr/",
    "email": "azit1318@hanmail.net",
    "hp": "023841318",
    "gu": "은평구",
    "dong": "응암동",
    "lat": "37.5942157413413",
    "lot": "126.924544209302",
    "kind": "1"
  },
  {
    "centerName": "서초구청소년상담복지센터",
    "oldAddress": "서울특별시 서초구 방배동 1031-4 구립 방배유스센터 2층",
    "newAddress": "서울특별시 서초구 방배로5길 11 2층",
    "homepage": "http://seocho1318.com/",
    "email": "loveinbb@daum.net",
    "hp": "025259128",
    "gu": "서초구",
    "dong": "방배동",
    "lat": "37.4782860375846",
    "lot": "126.999055635787",
    "kind": "1"
  },
  {
    "centerName": "송파구청소년상담복지센터",
    "oldAddress": "서울특별시 송파구 문정동 150-8 청소년수련시설 3층",
    "newAddress": "서울특별시 송파구 중대로4길 4 송파구청소년센터 3층",
    "homepage": "www.sp1318.or.kr",
    "email": "sp1388@daum.net",
    "hp": "024497179",
    "gu": "송파구",
    "dong": "문정동",
    "lat": "37.4897035800156",
    "lot": "127.111262066183",
    "kind": "1"
  },
  {
    "centerName": "마포구청소년상담복지센터",
    "oldAddress": "서울특별시 마포구 망원동 521 마포한강아이파크",
    "newAddress": "서울특별시 마포구 희우정로 77 마포한강아이파크 상가동",
    "homepage": "www.mapo1388.or.kr",
    "email": "mapo1388@hanmail.net",
    "hp": "0263769900",
    "gu": "마포구",
    "dong": "망원동",
    "lat": "37.5531729682225",
    "lot": "126.902698099648",
    "kind": "1"
  },
  {
    "centerName": "광진구청소년상담복지센터",
    "oldAddress": "서울특별시 광진구 자양동 13-28 자양공공힐링센터 3층",
    "newAddress": "서울특별시 광진구 아차산로24길 17 자양공공힐링센터 3층",
    "homepage": "www.light1318.or.kr",
    "email": "gjuscenter@naver.com",
    "hp": "0222052300",
    "gu": "광진구",
    "dong": "자양동",
    "lat": "37.5402634327717",
    "lot": "127.06510934187",
    "kind": "1"
  },
  {
    "centerName": "강서구청소년상담복지센터",
    "oldAddress": "서울특별시 강서구 화곡동 1071-26 강서구 청소년상담복지센터",
    "newAddress": "서울특별시 강서구 화곡로18길 14-5",
    "homepage": "www.gs1318.or.kr",
    "email": "1388gs@hanmail.net",
    "hp": "0226491318",
    "gu": "강서구",
    "dong": "화곡동",
    "lat": "37.5394375812368",
    "lot": "126.835531309461",
    "kind": "1"
  },
  {
    "centerName": "관악구청소년상담복지센터",
    "oldAddress": "서울특별시 관악구 봉천동 산56-3 싱글벙글교육센터 벙글동 4층",
    "newAddress": "서울특별시 관악구 남부순환로234길 73 싱글벙글교육센터 벙글동 4층",
    "homepage": "http://go1318.or.kr/",
    "email": "1388ga@hanmail.net",
    "hp": "028721318",
    "gu": "관악구",
    "dong": "봉천동",
    "lat": "37.4760962512417",
    "lot": "126.956288055678",
    "kind": "1"
  },
  {
    "centerName": "동대문구청소년상담복지센터",
    "oldAddress": "서울특별시 동대문구 신설동 104-35 신설동 복지지원센터 2층",
    "newAddress": "서울특별시 동대문구 천호대로2길 23-9 신설동복지지원센터 2층",
    "homepage": "www.ddm1318.or.kr",
    "email": "ddm1318@naver.com",
    "hp": "0222361318",
    "gu": "동대문구",
    "dong": "신설동",
    "lat": "37.5739202597375",
    "lot": "127.024599323291",
    "kind": "1"
  },
  {
    "centerName": "용산구청소년상담복지센터",
    "oldAddress": "서울특별시 용산구 원효로1가 25",
    "newAddress": "서울특별시 용산구 백범로 329",
    "homepage": "www.dodoit.or.kr",
    "email": "dodoit1388@daum.net",
    "hp": "0232735820",
    "gu": "용산구",
    "dong": "원효로",
    "lat": "37.5389037956572",
    "lot": "126.965012154483",
    "kind": "1"
  },
  {
    "centerName": "구로구청소년상담복지센터",
    "oldAddress": "서울특별시 구로구 천왕동 14 천왕동청소년문화의집 2층",
    "newAddress": "서울특별시 구로구 오리로 1115 천왕동청소년문화의집 2층",
    "homepage": "www.guro1318.or.kr",
    "email": "guro1388@daum.net",
    "hp": "028671318",
    "gu": "구로구",
    "dong": "천왕동",
    "lat": "37.4839293511759",
    "lot": "126.840240800442",
    "kind": "1"
  },
  {
    "centerName": "강동구청소년상담복지센터",
    "oldAddress": "서울특별시 강동구 강일동 665-2 시립강동청소년센터 2층",
    "newAddress": "서울특별시 강동구 아리수로93길 47 서울시립강동청소년수련관 2층",
    "homepage": "http://www.wagle.or.kr/sub7/sub01.php",
    "email": "gdyouth@hanmail.net",
    "hp": "07088191388",
    "gu": "강동구",
    "dong": "강일동",
    "lat": "37.5664776017967",
    "lot": "127.173029251627",
    "kind": "1"
  },
  {
    "centerName": "종로구청소년상담복지센터",
    "oldAddress": "서울특별시 종로구 혜화동 71-5 종로구청소년상담복지센터",
    "newAddress": "서울특별시 종로구 창경궁로35가길 13",
    "homepage": "www.jongno1318.or.kr",
    "email": "jongno1318@hanmail.net",
    "hp": "027621318",
    "gu": "종로구",
    "dong": "혜화동",
    "lat": "37.5871477846389",
    "lot": "127.001123608549",
    "kind": "1"
  },
  {
    "centerName": "성북구청소년상담복지센터",
    "oldAddress": "서울특별시 성북구 정릉동 966-1 성북아동청소년센터 4층",
    "newAddress": "서울특별시 성북구 정릉로 242 성북아동청소년센터 4층",
    "homepage": "www.sb1318.or.kr",
    "email": "sungbuk1388@naver.com",
    "hp": "0232921779",
    "gu": "성북구",
    "dong": "정릉동",
    "lat": "37.6047401646543",
    "lot": "127.010582572163",
    "kind": "1"
  },
  {
    "centerName": "강남구 정신건강복지센터",
    "oldAddress": "",
    "newAddress": "서울특별시 강남구 자곡로 100, 자곡문화센터 2층",
    "homepage": "https://health.gangnam.go.kr/",
    "email": "",
    "hp": "",
    "gu": "강남구",
    "dong": "",
    "lat": "37.4901371",
    "lot": "127.0846693",
    "kind": "2"
  },
  {
    "centerName": "강북구 정신건강복지센터",
    "oldAddress": "",
    "newAddress": "서울특별시 강북구 삼양로19길 154 삼각산분소 3층",
    "homepage": "ehealth.gangbuk.go.kr/site/kr/maeum",
    "email": "",
    "hp": "",
    "gu": "강북구",
    "dong": "",
    "lat": "37.616946!4",
    "lot": "127.0155755",
    "kind": "2"
  },
  {
    "centerName": "경희의료원",
    "oldAddress": "",
    "newAddress": "서울특별시 동대문구 홍릉로81 2층",
    "homepage": "ddmmind.net",
    "email": "",
    "hp": "",
    "gu": "동대문구",
    "dong": "",
    "lat": "37.5938755",
    "lot": "127.0513235",
    "kind": "2"
  },
  {
    "centerName": "관악구 정신건강복지센터",
    "oldAddress": "",
    "newAddress": "서울특별시 관악구 관악로 145, 3동 4층",
    "homepage": "www.gwanakmaum.or.kr/",
    "email": "",
    "hp": "",
    "gu": "관악구",
    "dong": "",
    "lat": "37.4785979",
    "lot": "126.9509123",
    "kind": "2"
  },
  {
    "centerName": "광진구정신건강복지센터",
    "oldAddress": "",
    "newAddress": "서울특별시 광진구 긴고랑로 110 중곡종합건강센터 4층",
    "homepage": "www.hopegj.or.kr",
    "email": "",
    "hp": "",
    "gu": "광진구",
    "dong": "",
    "lat": "37.5593606",
    "lot": "127.0871138",
    "kind": "2"
  },
  {
    "centerName": "구로구 정신건강복지센터",
    "oldAddress": "",
    "newAddress": "서울특별시 구로구 새말로 60",
    "homepage": "www.grcmhc.or.kr",
    "email": "",
    "hp": "",
    "gu": "구로구",
    "dong": "",
    "lat": "37.5032247869143",
    "lot": "126.886639083503",
    "kind": "2"
  },
  {
    "centerName": "국립중앙의료원",
    "oldAddress": "",
    "newAddress": "서울특별시 강동구 성내로 45, 1층",
    "homepage": "www.happygd.co.kr/",
    "email": "",
    "hp": "",
    "gu": "강동구",
    "dong": "",
    "lat": "37.5672412",
    "lot": "127.0056589",
    "kind": "2"
  },
  {
    "centerName": "노원구 정신건강복지센터",
    "oldAddress": "",
    "newAddress": "서울특별시 노원구 노해로 455, 인산빌딩 5층",
    "homepage": "www.nowonmind.or.kr",
    "email": "",
    "hp": "",
    "gu": "노원구",
    "dong": "",
    "lat": "37.6541618",
    "lot": "127.0585324",
    "kind": "2"
  },
  {
    "centerName": "노정신건강의학과의원",
    "oldAddress": "",
    "newAddress": "서울특별시 마포구 성산로4길 15 3층",
    "homepage": "www.mapomhc.org",
    "email": "",
    "hp": "",
    "gu": "마포구",
    "dong": "",
    "lat": "37.563368493241",
    "lot": "126.907895665906",
    "kind": "2"
  },
  {
    "centerName": "도봉구 정신건강복지센터",
    "oldAddress": "",
    "newAddress": "서울특별시 도봉구 방학로3길 117, 1층",
    "homepage": "health.dobong.go.kr/",
    "email": "",
    "hp": "",
    "gu": "도봉구",
    "dong": "",
    "lat": "37.6580211",
    "lot": "127.0387508",
    "kind": "2"
  },
  {
    "centerName": "동작구 정신건강복지센터",
    "oldAddress": "",
    "newAddress": "서울특별시 동작구 남부순환로 2025",
    "homepage": "www.dongjak.go.kr",
    "email": "",
    "hp": "",
    "gu": "동작구",
    "dong": "",
    "lat": "37.4836261",
    "lot": "126.9757357",
    "kind": "2"
  },
  {
    "centerName": "명지병원",
    "oldAddress": "",
    "newAddress": "서울특별시 강서구 공항대로 561 강서구보건소 지하1층",
    "homepage": "www.kscmhc.or.kr/",
    "email": "",
    "hp": "",
    "gu": "강서구",
    "dong": "",
    "lat": "37.549648403498",
    "lot": "126.868280181244",
    "kind": "2"
  },
  {
    "centerName": "새움병원",
    "oldAddress": "",
    "newAddress": "서울특별시 금천구 시흥대로 123길 11 5층",
    "homepage": "gcmhc.modoo.at/",
    "email": "",
    "hp": "",
    "gu": "금천구",
    "dong": "",
    "lat": "37.4702190458977",
    "lot": "126.8970437257",
    "kind": "2"
  },
  {
    "centerName": "서대문구 정신건강복지센터",
    "oldAddress": "",
    "newAddress": "서울특별시 서대문구 연희로 290, 4층",
    "homepage": "health.sdm.go.kr/",
    "email": "",
    "hp": "",
    "gu": "서대문구",
    "dong": "",
    "lat": "37.5828553",
    "lot": "126.9364412",
    "kind": "2"
  },
  {
    "centerName": "서울대병원",
    "oldAddress": "",
    "newAddress": "서울특별시 종로구 성균관로 15길 10",
    "homepage": "www.jongnomind.org",
    "email": "",
    "hp": "",
    "gu": "종로구",
    "dong": "",
    "lat": "37.5900733792384",
    "lot": "126.997633354983",
    "kind": "2"
  },
  {
    "centerName": "서울대병원",
    "oldAddress": "",
    "newAddress": "서울특별시 중구 서소문로 6길 16 3층",
    "homepage": "www.junggumind.or.kr",
    "email": "",
    "hp": "",
    "gu": "중구",
    "dong": "",
    "lat": "37.559430257461",
    "lot": "126.966259528781",
    "kind": "2"
  },
  {
    "centerName": "서울의료원",
    "oldAddress": "",
    "newAddress": "서울특별시 중랑구 면목로238 중랑구민회관 1층",
    "homepage": "mind.jungnang.go.kr/mind/main.do",
    "email": "",
    "hp": "",
    "gu": "중랑구",
    "dong": "",
    "lat": "37.5739539541608",
    "lot": "127.085105452975",
    "kind": "2"
  },
  {
    "centerName": "서초구 정신건강복지센터",
    "oldAddress": "",
    "newAddress": "서울특별시 서초구 염곡말길 9 느티나무쉼터 3층",
    "homepage": "www.scgmhc.or.kr",
    "email": "",
    "hp": "",
    "gu": "서초구",
    "dong": "",
    "lat": "37.4717139",
    "lot": "127.0268563",
    "kind": "2"
  },
  {
    "centerName": "성북구 정신건강복지센터",
    "oldAddress": "",
    "newAddress": "서울특별시 성북구 화랑로 63",
    "homepage": "www.sbcmhc1.or.kr",
    "email": "",
    "hp": "",
    "gu": "성북구",
    "dong": "",
    "lat": "37.5903382",
    "lot": "127.0194648",
    "kind": "2"
  },
  {
    "centerName": "송파구 정신건강복지센터",
    "oldAddress": "",
    "newAddress": "서울특별시 송파구 양산로 5",
    "homepage": "www.songpa.go.kr/ehealth/",
    "email": "",
    "hp": "",
    "gu": "송파구",
    "dong": "",
    "lat": "37.489749",
    "lot": "127.1426563",
    "kind": "2"
  },
  {
    "centerName": "영등포구 정신건강복지센터",
    "oldAddress": "",
    "newAddress": "서울특별시 영등포구 당산로 123, 영등포구보건소 4층",
    "homepage": "www.ydp.go.kr/health/main.do",
    "email": "",
    "hp": "",
    "gu": "영등포구",
    "dong": "",
    "lat": "37.5261469",
    "lot": "126.8961748",
    "kind": "2"
  },
  {
    "centerName": "용산구 정신건강복지센터",
    "oldAddress": "",
    "newAddress": "서울특별시 용산구 녹사평대로150 용산보건소1층",
    "homepage": "ysmind.org",
    "email": "",
    "hp": "",
    "gu": "용산구",
    "dong": "",
    "lat": "37.5386609",
    "lot": "126.9655062",
    "kind": "2"
  },
  {
    "centerName": "은평구 정신건강복지센터",
    "oldAddress": "",
    "newAddress": "서울특별시 은평구 연서로 34길 11",
    "homepage": "health.ep.go.kr",
    "email": "",
    "hp": "",
    "gu": "은평구",
    "dong": "",
    "lat": "37.6215079",
    "lot": "126.9276986",
    "kind": "2"
  },
  {
    "centerName": "이대목동병원",
    "oldAddress": "",
    "newAddress": "서울특별시 양천구 목동서로 339 양천구보건소 지하1층",
    "homepage": "www.yctouch.or.kr",
    "email": "",
    "hp": "",
    "gu": "양천구",
    "dong": "",
    "lat": "37.5177061613231",
    "lot": "126.865739424322",
    "kind": "2"
  },
  {
    "centerName": "한양대학교병원",
    "oldAddress": "",
    "newAddress": "서울특별시 성동구 행당로12",
    "homepage": "www.mindcare.or.kr",
    "email": "",
    "hp": "",
    "gu": "성동구",
    "dong": "",
    "lat": "37.5544843259122",
    "lot": "127.021371721475",
    "kind": "2"
  },
  {
    "centerName": "내일 청소년 성폭력 상담소",
    "oldAddress": "",
    "newAddress": "서대문구 신촌로7길 8, 4층 (창천동, 석탑B/D)",
    "homepage": "",
    "email": "",
    "hp": "02-338-8043",
    "gu": "서대문구",
    "dong": "",
    "lat": "",
    "lot": "",
    "kind": "3"
  },
  {
    "centerName": "나우리가족상담센터",
    "oldAddress": "서울특별시 마포구 성산동 592번지 ",
    "newAddress": "",
    "email": "",
    "hp": "",
    "gu": "마포구",
    "dong": "성산동",
    "lat": "37.5645802",
    "lot": "126.9030928",
    "kind": "4"
  },
  {
    "centerName": "성원가정폭력상담소",
    "oldAddress": "서울특별시 마포구 상수동 330-10번지 ",
    "newAddress": "서울특별시 마포구 와우산로 26 (상수동)",
    "email": "",
    "hp": "02  396 4049",
    "gu": "마포구",
    "dong": "상수동",
    "lat": "37.5468051",
    "lot": "126.9231819",
    "kind": "4"
  },
  {
    "centerName": "연세가정상담소부설 마포가정폭력상담소",
    "oldAddress": "서울특별시 마포구 대흥동 328-31번지 ",
    "newAddress": "서울특별시 마포구 독막로 248-1 (대흥동)",
    "email": "",
    "hp": "02  706 1366",
    "gu": "마포구",
    "dong": "대흥동",
    "lat": "37.5463509505082",
    "lot": "126.941077569738",
    "kind": "4"
  },
  {
    "centerName": "동작가정폭력상담소",
    "oldAddress": "서울특별시 동작구 상도동 129-8번지 ",
    "newAddress": "서울특별시 동작구 상도로 398 (상도동, 기나빌딩)",
    "email": "",
    "hp": "028250674",
    "gu": "동작구",
    "dong": "상도동",
    "lat": "37.4936680662874",
    "lot": "126.955535446251",
    "kind": "4"
  },
  {
    "centerName": "한국가정법률상담소 중구지부부설 가정폭력관련상담소",
    "oldAddress": "서울특별시 중구 신당동 402-9번지 ",
    "newAddress": "",
    "email": "",
    "hp": "02 22386551",
    "gu": "중구",
    "dong": "신당동",
    "lat": "200927.737695       ",
    "lot": "450907.462237       ",
    "kind": "4"
  },
  {
    "centerName": "희년 여성상담소",
    "oldAddress": "서울특별시 광진구 자양동 628-23번지 ",
    "newAddress": "서울특별시 광진구 자양로 71-7  (자양동)",
    "email": "",
    "hp": "4531366",
    "gu": "광진구",
    "dong": "자양동",
    "lat": "37.5340863900255",
    "lot": "127.083904845472",
    "kind": "4"
  },
  {
    "centerName": "음악치료가정상담소",
    "oldAddress": "서울특별시 광진구 중곡동 192-59번지 ",
    "newAddress": "서울특별시 광진구 긴고랑로7길 54 (중곡동)",
    "email": "",
    "hp": "024615548",
    "gu": "광진구",
    "dong": "중곡동",
    "lat": "37.5657001500223",
    "lot": "127.080432342421",
    "kind": "4"
  },
  {
    "centerName": "꿈터가정폭력상담소",
    "oldAddress": "서울특별시 영등포구 신길동 4300-33번지 ",
    "newAddress": "서울특별시 영등포구 여의대방로13길 14  (신길동)",
    "email": "",
    "hp": "60834972",
    "gu": "영등포구",
    "dong": "신길동",
    "lat": "37.4981833894364",
    "lot": "126.916226263543",
    "kind": "4"
  },
  {
    "centerName": "대한가정법률복지상담워 부설 가정폭력상담소",
    "oldAddress": "서울특별시 양천구 신정동 952-4번지 ",
    "newAddress": "서울특별시 양천구 오목로 176 (신정동, 산호빌딩)",
    "email": "",
    "hp": "0236750142",
    "gu": "양천구",
    "dong": "신정동",
    "lat": "37.524943633642",
    "lot": "126.857056727689",
    "kind": "4"
  },
  {
    "centerName": "서대문가정폭력관련상담소",
    "oldAddress": "서울특별시 서대문구 북아현동 238-12번지 ",
    "newAddress": "서울특별시 서대문구 신촌로 215-2 (북아현동)",
    "email": "",
    "hp": "3640413",
    "gu": "서대문구",
    "dong": "북아현동",
    "lat": "37.5572966578082",
    "lot": "126.949908461463",
    "kind": "4"
  },
  {
    "centerName": "(사)다문화종합복지센터 부설 다사랑가정상담소",
    "oldAddress": "서울특별시 용산구 청파동1가 161번지 ",
    "newAddress": "서울특별시 용산구 청파로 319 (청파동1가)",
    "email": "",
    "hp": "027130284",
    "gu": "용산구",
    "dong": "청파동",
    "lat": "37.548127736306",
    "lot": "126.969756698977",
    "kind": "4"
  },
  {
    "centerName": "용산가정폭력관련상담소",
    "oldAddress": "서울특별시 용산구 효창동 5-575번지 ",
    "newAddress": "",
    "email": "",
    "hp": "02  707 1849",
    "gu": "용산구",
    "dong": "효창동",
    "lat": "196315.354003       ",
    "lot": "448710.860788       ",
    "kind": "4"
  },
  {
    "centerName": "사단법인 한국여성상담센터",
    "oldAddress": "서울특별시 성북구 안암동3가 86번지 신일빌딩 ",
    "newAddress": "",
    "email": "",
    "hp": "02 9531704",
    "gu": "성북구",
    "dong": "안암동",
    "lat": "201877.654118       ",
    "lot": "453499.549616       ",
    "kind": "4"
  },
  {
    "centerName": "푸른나무가정폭력상담소",
    "oldAddress": "서울특별시 관악구 봉천동 1654-5번지 ",
    "newAddress": "서울특별시 관악구 남부순환로 1986 (봉천동, 경은빌딩 4층)",
    "email": "",
    "hp": "028715086",
    "gu": "관악구",
    "dong": "봉천동",
    "lat": "37.4750377057841",
    "lot": "126.969332045731",
    "kind": "4"
  },
  {
    "centerName": "한울가족상담센터",
    "oldAddress": "서울특별시 금천구 독산동 288-5번지 영석빌딩 ",
    "newAddress": "",
    "email": "",
    "hp": "028492255",
    "gu": "금천구",
    "dong": "독산동",
    "lat": "190869.401916       ",
    "lot": "440919.941586       ",
    "kind": "4"
  },
  {
    "centerName": "희망가정폭력상담소",
    "oldAddress": "서울특별시 광진구 광장동 ",
    "newAddress": "서울특별시 광진구 광장로 1-04968, 3층호 (광장동)",
    "email": "",
    "hp": "0234370797",
    "gu": "광진구",
    "dong": "광장동",
    "lat": "",
    "lot": "",
    "kind": "4"
  },
  {
    "centerName": "나우미 가정폭력상담센터",
    "oldAddress": "서울특별시 양천구 목동 917-9번지 2715-호",
    "newAddress": "서울특별시 양천구 목동동로 293, 2715-1호 (목동, 현대41타워)",
    "email": "",
    "hp": "0220621366",
    "gu": "양천구",
    "dong": "목동",
    "lat": "189019.23160800000  ",
    "lot": "447638.79973300000  ",
    "kind": "4"
  },
  {
    "centerName": "가정행복상담센터",
    "oldAddress": "서울특별시 양천구 신정동 943-23번지 ",
    "newAddress": "서울특별시 양천구 중앙로 308-1, 하나로빌딩 2층 (신정동)",
    "email": "",
    "hp": "0260839191",
    "gu": "양천구",
    "dong": "신정동",
    "lat": "37.5236350057098",
    "lot": "126.851567901396",
    "kind": "4"
  },
  {
    "centerName": "(사)남성의전화 부설 서울가정폭력상담센터",
    "oldAddress": "서울특별시 양천구 목동 현대41타워 1016동 1호",
    "newAddress": "",
    "email": "",
    "hp": "26531366",
    "gu": "양천구",
    "dong": "목동",
    "lat": "37.5281164",
    "lot": "126.8758458",
    "kind": "4"
  },
  {
    "centerName": "성결가정폭력관련상담소",
    "oldAddress": "서울특별시 종로구 행촌동 1-30번지 예수교대한성결교회총회본부빌딩 1층 101호, 3층 303호 ",
    "newAddress": "서울특별시 종로구 사직로1가길 16 (행촌동)",
    "email": "",
    "hp": "7257077",
    "gu": "종로구",
    "dong": "행촌동",
    "lat": "37.5733557825696",
    "lot": "126.963832908433",
    "kind": "4"
  },
  {
    "centerName": "(사)아하가족성장연구소 부설 가정폭력상담소",
    "oldAddress": "서울특별시 종로구 부암동 230번지 일민기념관 4층 ",
    "newAddress": "서울특별시 종로구 창의문로10길 11 (부암동)",
    "email": "",
    "hp": "3798558",
    "gu": "종로구",
    "dong": "부암동",
    "lat": "37.5938781052674",
    "lot": "126.964253937947",
    "kind": "4"
  },
  {
    "centerName": "(사)서울강서양천여성의전화부설강서양천가정폭력상담소",
    "oldAddress": "서울특별시 강서구 화곡동 1075-25번지 ",
    "newAddress": "",
    "email": "",
    "hp": "",
    "gu": "강서구",
    "dong": "화곡동",
    "lat": "185854.007594       ",
    "lot": "448748.967174       ",
    "kind": "4"
  },
  {
    "centerName": "희망 가정폭력상담소",
    "oldAddress": "서울특별시 동대문구 청량리동 1-1번지 ",
    "newAddress": "",
    "email": "",
    "hp": "029590101",
    "gu": "동대문구",
    "dong": "청량리동",
    "lat": "204563.041094       ",
    "lot": "453953.283303       ",
    "kind": "4"
  },
  {
    "centerName": "동대문 행복한 심리상담센터",
    "oldAddress": "서울특별시 동대문구 휘경동 49-382번지 ",
    "newAddress": "서울특별시 동대문구 한천로 244-5 (휘경동)",
    "email": "",
    "hp": "0222487702",
    "gu": "동대문구",
    "dong": "휘경동",
    "lat": "37.5826091412365",
    "lot": "127.068848767612",
    "kind": "4"
  },
  {
    "centerName": "해윰가족상담소",
    "oldAddress": "서울특별시 강북구 미아동 134-97번지 ",
    "newAddress": "",
    "email": "",
    "hp": "07081161366",
    "gu": "강북구",
    "dong": "미아동",
    "lat": "202528.436034       ",
    "lot": "457621.423953       ",
    "kind": "4"
  },
  {
    "centerName": "사)남성의전화 부설 서울가정폭력상담센터",
    "oldAddress": "서울특별시 양천구 목동 917-9번지 ",
    "newAddress": "",
    "email": "",
    "hp": "0226520458",
    "gu": "양천구",
    "dong": "목동",
    "lat": "188953.066831       ",
    "lot": "447333.569188       ",
    "kind": "4"
  },
  {
    "centerName": "서울 성동 가정상담센터",
    "oldAddress": "서울특별시 성동구 도선동 343-8번지 ",
    "newAddress": "서울특별시 성동구 무학로2길 7, 301호 (도선동)",
    "email": "",
    "hp": "0222972911",
    "gu": "성동구",
    "dong": "도선동",
    "lat": "37.5644364853833",
    "lot": "127.031038579483",
    "kind": "4"
  },
  {
    "centerName": "서초가족상담센터",
    "oldAddress": "서울특별시 서초구 서초동 1640-25번지 ",
    "newAddress": "서울특별시 서초구 서초중앙로22길 92-13 (서초동, 화니빌딩)",
    "email": "",
    "hp": "025822710",
    "gu": "서초구",
    "dong": "서초동",
    "lat": "37.4937304224846",
    "lot": "127.019465054526",
    "kind": "4"
  },
  {
    "centerName": "동산가정폭력상담소",
    "oldAddress": "서울특별시 서초구 방배동 877-18번지 3층 ",
    "newAddress": "서울특별시 서초구 서초대로27길 10-10  (방배동,3층)",
    "email": "",
    "hp": "025997646",
    "gu": "서초구",
    "dong": "방배동",
    "lat": "37.4887019713474",
    "lot": "126.995378158002",
    "kind": "4"
  },
  {
    "centerName": "월계우리가족상담소",
    "oldAddress": "서울특별시 노원구 월계동 556번지 월계종합사회복지관 내 2층 ",
    "newAddress": "서울특별시 노원구 초안산로1길 51 (월계동)",
    "email": "",
    "hp": "029040179",
    "gu": "노원구",
    "dong": "월계동",
    "lat": "37.6272444506545",
    "lot": "127.052765568541",
    "kind": "4"
  },
  {
    "centerName": "잠실가정폭력상담소",
    "oldAddress": "서울특별시 송파구 잠실동 188-1번지 ",
    "newAddress": "서울특별시 송파구 올림픽로12길 12  (잠실동)",
    "email": "",
    "hp": "",
    "gu": "송파구",
    "dong": "잠실동",
    "lat": "37.5105629123346",
    "lot": "127.082777311545",
    "kind": "4"
  },
  {
    "centerName": "(사)한국여성의전화 가정폭력상담소",
    "oldAddress": "서울특별시 은평구 녹번동 1-15번지 ",
    "newAddress": "",
    "email": "",
    "hp": "0231565400",
    "gu": "은평구",
    "dong": "녹번동",
    "lat": "194534.510398       ",
    "lot": "456373.042829       ",
    "kind": "4"
  },
  {
    "centerName": "은평가정폭력상담소",
    "oldAddress": "서울특별시 은평구 수색동 8-15번지 ",
    "newAddress": "서울특별시 은평구 은평터널로 48  (수색동)",
    "email": "",
    "hp": "02326 1366",
    "gu": "은평구",
    "dong": "수색동",
    "lat": "37.5850525754026",
    "lot": "126.89932415791",
    "kind": "4"
  },
  {
    "centerName": "서울시가족센터",
    "oldAddress": "",
    "newAddress": "(04628) 서울특별시 중구 소파로4길 6",
    "homepage": "",
    "email": "",
    "hp": "02-318-0227",
    "gu": "중구",
    "dong": "",
    "lat": "37.5594849629661",
    "lot": "126.988384617823",
    "kind": "5"
  },
  {
    "centerName": "강남구가족센터",
    "oldAddress": "",
    "newAddress": "(06336) 서울특별시 강남구 개포로 617-8",
    "homepage": "",
    "email": "",
    "hp": "02-3412-2222",
    "gu": "강남구",
    "dong": "",
    "lat": "37.4940517008032",
    "lot": "127.077760130151",
    "kind": "5"
  },
  {
    "centerName": "강동구가족센터",
    "oldAddress": "",
    "newAddress": "(05266) 서울특별시 강동구 양재대로 1634, 3층",
    "homepage": "",
    "email": "",
    "hp": "02-471-0812",
    "gu": "강동구",
    "dong": "",
    "lat": "37.5512617475137",
    "lot": "127.144345072606",
    "kind": "5"
  },
  {
    "centerName": "강북구가족센터",
    "oldAddress": "",
    "newAddress": "(01064) 서울특별시 강북구 한천로 129길 6",
    "homepage": "",
    "email": "",
    "hp": "02-987-2567",
    "gu": "강북구",
    "dong": "",
    "lat": "37.6377242241877",
    "lot": "127.029677514868",
    "kind": "5"
  },
  {
    "centerName": "강서구가족센터",
    "oldAddress": "",
    "newAddress": "(07781) 서울특별시 강서구 강서로 5길 50, 곰달래 문화복지센터 4층",
    "homepage": "",
    "email": "",
    "hp": "02-2606-2017",
    "gu": "강서구",
    "dong": "",
    "lat": "37.5290599728442",
    "lot": "126.848898178399",
    "kind": "5"
  },
  {
    "centerName": "관악구가족센터",
    "oldAddress": "",
    "newAddress": "(08825) 서울특별시 관악구 신림로 3길 35 김삼준문화복지기념관 3층 사무실",
    "homepage": "",
    "email": "",
    "hp": "02-883-9383",
    "gu": "관악구",
    "dong": "",
    "lat": "37.4675533645757",
    "lot": "126.944962394132",
    "kind": "5"
  },
  {
    "centerName": "광진구가족센터",
    "oldAddress": "",
    "newAddress": "(05072) 서울특별시 광진구 아차산로 24길 17, 자양공공힐링센터 5층",
    "homepage": "",
    "email": "",
    "hp": "02-458-0666",
    "gu": "광진구",
    "dong": "",
    "lat": "37.5402634327717",
    "lot": "127.06510934187",
    "kind": "5"
  },
  {
    "centerName": "구로구가족센터",
    "oldAddress": "",
    "newAddress": "(08383) 서울특별시 구로구 우마2길 35, 구로구가족통합지원센터 2,3층",
    "homepage": "",
    "email": "",
    "hp": "02-869-0317",
    "gu": "구로구",
    "dong": "",
    "lat": "37.4825340986445",
    "lot": "126.889718083085",
    "kind": "5"
  },
  {
    "centerName": "금천구가족센터",
    "oldAddress": "",
    "newAddress": "(08627) 서울특별시 금천구 금하로 11길 40",
    "homepage": "",
    "email": "",
    "hp": "02-803-7747",
    "gu": "금천구",
    "dong": "",
    "lat": "37.455503913854",
    "lot": "126.904231338183",
    "kind": "5"
  },
  {
    "centerName": "노원구가족센터",
    "oldAddress": "",
    "newAddress": "(01857) 서울특별시 노원구 동일로173가길 94 가온빌딩 3층",
    "homepage": "",
    "email": "",
    "hp": "02-979-3501",
    "gu": "노원구",
    "dong": "",
    "lat": "37.622472985362",
    "lot": "127.072639104136",
    "kind": "5"
  },
  {
    "centerName": "성매매피해지원상담소 이룸",
    "oldAddress": "",
    "newAddress": "서울특별시 동대문구 하정로3길 8-4201호 (신설동)",
    "homepage": "",
    "email": "",
    "hp": "02-953-6280",
    "gu": "동대문구",
    "dong": "",
    "lat": "",
    "lot": "",
    "kind": "6"
  },
  {
    "centerName": "서울특별시다시함께상담센터",
    "oldAddress": "",
    "newAddress": "서울특별시 동작구 여의대방로54길 18서울여성플라자 4층",
    "homepage": "",
    "email": "",
    "hp": "02-814-3660",
    "gu": "동작구",
    "dong": "",
    "lat": "37.5116087174603",
    "lot": "126.927226422645",
    "kind": "6"
  },
  {
    "centerName": "여성인권상담소소냐의집",
    "oldAddress": "",
    "newAddress": "서울특별시 강동구 구천면로 2853층",
    "homepage": "",
    "email": "",
    "hp": "02-474-0746",
    "gu": "강동구",
    "dong": "",
    "lat": "",
    "lot": "",
    "kind": "6"
  },
  {
    "centerName": "여성인권지원상담소 에이레네",
    "oldAddress": "",
    "newAddress": "서울특별시 동대문구 서울특별시립대로 482층 (전농동)",
    "homepage": "",
    "email": "",
    "hp": "02-3394-7936",
    "gu": "동대문구",
    "dong": "",
    "lat": "",
    "lot": "",
    "kind": "6"
  },
  {
    "centerName": "성매매문제해결을위한전국연대 부설 여성인권센터<보다>",
    "oldAddress": "",
    "newAddress": "서울특별시 성북구 정릉로52길 8-9401호 (돈암동)",
    "homepage": "",
    "email": "",
    "hp": "029820923",
    "gu": "성북구",
    "dong": "",
    "lat": "",
    "lot": "",
    "kind": "6"
  },
  {
    "centerName": "십대여성인권센터",
    "oldAddress": "",
    "newAddress": "서울특별시 영등포구 당산로38길 9-1, 6,7층 (당산동4가, 은혜빌딩)",
    "homepage": "",
    "email": "",
    "hp": "0263481318",
    "gu": "영등포구",
    "dong": "",
    "lat": "",
    "lot": "",
    "kind": "6"
  },
  {
    "centerName": "서울동부해바라기센터",
    "oldAddress": "서울특별시 송파구 가락동 58 국립경찰병원 1층",
    "newAddress": "서울특별시 송파구 송이로 123 국립경찰병원 1층",
    "homepage": "www.smonestop.or.kr",
    "email": "seoulonestop@nph.go.kr",
    "hp": "0234001700",
    "gu": "송파구",
    "dong": "가락동",
    "lat": "37.4964145655333",
    "lot": "127.123487484921",
    "kind": "7"
  },
  {
    "centerName": "서울남부해바라기센터",
    "oldAddress": "서울특별시 동작구 신대방동 425 보라매병원 희망관 2층",
    "newAddress": "서울특별시 동작구 보라매로5길 20 보라매병원 희망관 2층",
    "homepage": "www.smsonestop.or.kr",
    "email": "bbh9566@hanmail.net",
    "hp": "028701700",
    "gu": "동작구",
    "dong": "신대방동",
    "lat": "37.493013748157",
    "lot": "126.924332456243",
    "kind": "7"
  },
  {
    "centerName": "서울북부해바라기센터",
    "oldAddress": "서울특별시 중랑구 신내동 315-1 신내동 의료안심주택 1층",
    "newAddress": "서울특별시 중랑구 신내로 16길 33 신내의료안심주택 1층",
    "homepage": "www.smcnonestop.or.kr",
    "email": "subsunflower@naver.com",
    "hp": "0234224101",
    "gu": "중랑구",
    "dong": "신내동",
    "lat": "37.6141744003285",
    "lot": "127.097663011906",
    "kind": "7"
  },
  {
    "centerName": "서울해바라기센터(아동)",
    "oldAddress": "서울특별시 마포구 신수동 63-14 7층",
    "newAddress": "서울특별시 마포구 백범로 23 구프라자 7층",
    "homepage": "www.child1375.or.kr",
    "email": "help@child1375.or.kr",
    "hp": "0232741375",
    "gu": "마포구",
    "dong": "신수동",
    "lat": "37.552811217978",
    "lot": "126.93794821763",
    "kind": "7"
  },
  {
    "centerName": "서울해바라기센터(본관)",
    "oldAddress": "서울특별시 종로구 연건동 28-21 서울대병원 함춘회관 지하1층",
    "newAddress": "서울특별시 종로구 대학로 101 서울특별시대학교병원 함춘회관 지하 1층",
    "homepage": "www.help0365.or.kr",
    "email": "help@help0365.or.kr",
    "hp": "0236720365",
    "gu": "종로구",
    "dong": "연건동",
    "lat": "37.5804523853297",
    "lot": "126.997196437908",
    "kind": "7"
  },
  {
    "centerName": "서울해바라기센터(별관)",
    "oldAddress": "서울특별시 종로구 동숭동 1-49 동숭빌딩 2층",
    "newAddress": "서울특별시 종로구 대학로8가길 56 동숭빌딩 2층",
    "homepage": "www.help0365.or.kr",
    "email": "help@help0365.or.kr",
    "hp": "027450366",
    "gu": "종로구",
    "dong": "동숭동",
    "lat": "37.5830065206803",
    "lot": "127.002860831478",
    "kind": "7"
  },
  {
    "centerName": "한국성폭력상담소",
    "oldAddress": "",
    "newAddress": "서울특별시 마포구 성지1길 32-42",
    "homepage": "02-338-2890",
    "email": "",
    "gu": "마포구",
    "dong": "",
    "lat": "37.5467457318521",
    "lot": "126.914872416899",
    "kind": "3"
  },
  {
    "centerName": "한국여성민우회성폭력상담소",
    "oldAddress": "",
    "newAddress": "서울특별시 마포구 월드컵로26길 39 (성산동)",
    "homepage": "02-739-8858",
    "email": "",
    "gu": "마포구",
    "dong": "",
    "lat": "37.5594805430771",
    "lot": "126.90991934647",
    "kind": "3"
  },
  {
    "centerName": "탁틴내일아동청소년성폭력상담소",
    "oldAddress": "",
    "newAddress": "서울특별시 종로구 새문안로3길 3, B2",
    "homepage": "02-338-8043",
    "email": "",
    "gu": "종로구",
    "dong": "",
    "lat": "37.5706561909703",
    "lot": "126.972394349258",
    "kind": "3"
  },
  {
    "centerName": "천주교성폭력상담소",
    "oldAddress": "",
    "newAddress": "서울특별시 동작구 상도로15마길 8-13",
    "homepage": "02-825-1272",
    "email": "",
    "gu": "동작구",
    "dong": "",
    "lat": "37.5035610503338",
    "lot": "126.93449131269",
    "kind": "3"
  },
  {
    "centerName": "한국성폭력위기센터",
    "oldAddress": "",
    "newAddress": "서울특별시 강남구 선릉로 623, 오성빌딩 301호",
    "homepage": "02-883-9284",
    "email": "",
    "gu": "강남구",
    "dong": "",
    "lat": "37.512224224081",
    "lot": "127.04290143476",
    "kind": "3"
  },
  {
    "centerName": "벧엘성가족상담센터",
    "oldAddress": "",
    "newAddress": "서울특별시 금천구 시흥대로 102, 301호 (시흥동, 동하빌딩)",
    "homepage": "02-896-0401",
    "email": "",
    "gu": "금천구",
    "dong": "",
    "lat": "37.4431646036003",
    "lot": "126.904095641829",
    "kind": "3"
  },
  {
    "centerName": "이레성폭력상담소",
    "oldAddress": "",
    "newAddress": "서울특별시 관악구 신사로 120-1 성준빌딩 5층",
    "homepage": "02-3281-1366",
    "email": "",
    "gu": "관악구",
    "dong": "",
    "lat": "37.4881554751745",
    "lot": "126.915498652429",
    "kind": "3"
  },
  {
    "centerName": "가족과성건강아동청소년상담소",
    "oldAddress": "",
    "newAddress": "서울특별시 구로구 오류로 86. 808호 (오류동, 동선오피스텔)",
    "homepage": "070-8128-1366, 02-2688-1366",
    "email": "",
    "gu": "구로구",
    "dong": "",
    "lat": "37.4924615261049",
    "lot": "126.84097459881",
    "kind": "3"
  },
  {
    "centerName": "서초성폭력상담소",
    "oldAddress": "",
    "newAddress": "서울특별시 서초구 서초대로27길 10-10. 4층",
    "homepage": "02-599-7606",
    "email": "",
    "gu": "서초구",
    "dong": "",
    "lat": "37.4887019713474",
    "lot": "126.995378158002",
    "kind": "3"
  },
  {
    "centerName": "북한이탈여성 성폭력피해상담소",
    "oldAddress": "",
    "newAddress": "서울특별시 양천구 목동동로 339 목동트임빌 131호 ",
    "homepage": "02-2651-1366",
    "email": "",
    "gu": "양천구",
    "dong": "",
    "lat": "37.5321753616364",
    "lot": "126.876743891714",
    "kind": "3"
  },
  {
    "centerName": "꿈과희망상담센터",
    "oldAddress": "",
    "newAddress": "서울특별시 동작구 대림로 6 (신대방동)",
    "homepage": "070-7503-1366",
    "email": "",
    "gu": "동작구",
    "dong": "",
    "lat": "37.4877277415547",
    "lot": "126.912371814151",
    "kind": "3"
  },
  {
    "centerName": "꿈터성폭력상담소",
    "oldAddress": "",
    "newAddress": "서울특별시 영등포구 여의대방로13길 14",
    "homepage": "02-6083-4971",
    "email": "",
    "gu": "영등포구",
    "dong": "",
    "lat": "37.4981833894364",
    "lot": "126.916226263543",
    "kind": "3"
  },
  {
    "centerName": "서울여성장애인성폭력상담소",
    "oldAddress": "",
    "newAddress": "서울특별시 영등포구 의사당대로 22 이룸센터 402호",
    "homepage": "02-3675-4465~6",
    "email": "",
    "gu": "영등포구",
    "dong": "",
    "lat": "37.526869878743",
    "lot": "126.917843631999",
    "kind": "3"
  },
  {
    "centerName": "장애여성성폭력상담소",
    "oldAddress": "",
    "newAddress": "서울특별시 강동구 올림픽로 664 101동 410호",
    "homepage": "02-3013-1367",
    "email": "",
    "gu": "강동구",
    "dong": "",
    "lat": "37.540555377209",
    "lot": "127.124975762766",
    "kind": "3"
  },
  {
    "centerName": "꿈누리여성장애인상담소",
    "oldAddress": "",
    "newAddress": "서울특별시 중랑구 망우로 244 덕화빌딩 6층 602호",
    "homepage": "02-902-3356",
    "email": "",
    "gu": "중랑구",
    "dong": "",
    "lat": "37.5946015075124",
    "lot": "127.079761963146",
    "kind": "3"
  },
  {
    "centerName": "한사회장애인성폭력상담센터",
    "oldAddress": "",
    "newAddress": "서울특별시 강서구 양천로 357 려산빌딩 지하1층",
    "homepage": "02-2658-1366",
    "email": "",
    "gu": "강서구",
    "dong": "",
    "lat": "37.5680725328985",
    "lot": "126.842609221144",
    "kind": "3"
  },
  {
    "centerName": "군성폭력상담소",
    "oldAddress": "",
    "newAddress": "서울특별시 마포구 신촌로14길 20 태안빌딩 4층",
    "homepage": "02-733-7119",
    "email": "",
    "gu": "마포구",
    "dong": "",
    "lat": "37.5551950034624",
    "lot": "126.933348363328",
    "kind": "3"
  }
]