[
    {
        "centerName": "나우리가족상담센터",
        "oldAddress": "서울특별시 마포구 성산동 592번지 ",
        "newAddress": "",
        "email": "",
        "hp": "",
        "gu": "마포구",
        "dong": "성산동",
        "lat": "",
        "lot": "",
        "kind": "4"
    },
    {
        "centerName": "성원가정폭력상담소",
        "oldAddress": "서울특별시 마포구 상수동 330-10번지 ",
        "newAddress": "서울특별시 마포구 와우산로 26 (상수동)",
        "email": "",
        "hp": "02  396 4049",
        "gu": "마포구",
        "dong": "상수동",
        "lat": "193210.71470000000  ",
        "lot": "449702.71162400000  ",
        "kind": "4"
    },
    {
        "centerName": "연세가정상담소부설 마포가정폭력상담소",
        "oldAddress": "서울특별시 마포구 대흥동 328-31번지 ",
        "newAddress": "서울특별시 마포구 독막로 248-1 (대흥동)",
        "email": "",
        "hp": "02  706 1366",
        "gu": "마포구",
        "dong": "대흥동",
        "lat": "194793.00387800000  ",
        "lot": "449650.12334000000  ",
        "kind": "4"
    },
    {
        "centerName": "동작가정폭력상담소",
        "oldAddress": "서울특별시 동작구 상도동 129-8번지 ",
        "newAddress": "서울특별시 동작구 상도로 398 (상도동, 기나빌딩)",
        "email": "",
        "hp": "028250674",
        "gu": "동작구",
        "dong": "상도동",
        "lat": "196067.89079900000  ",
        "lot": "443802.28629800000  ",
        "kind": "4"
    },
    {
        "centerName": "한국가정법률상담소 중구지부부설 가정폭력관련상담소",
        "oldAddress": "서울특별시 중구 신당동 402-9번지 ",
        "newAddress": "",
        "email": "",
        "hp": "02 22386551",
        "gu": "중구",
        "dong": "신당동",
        "lat": "200927.737695       ",
        "lot": "450907.462237       ",
        "kind": "4"
    },
    {
        "centerName": "희년 여성상담소",
        "oldAddress": "서울특별시 광진구 자양동 628-23번지 ",
        "newAddress": "서울특별시 광진구 자양로 71-7  (자양동)",
        "email": "",
        "hp": "4531366",
        "gu": "광진구",
        "dong": "자양동",
        "lat": "207415.94747600000  ",
        "lot": "448290.58504900000  ",
        "kind": "4"
    },
    {
        "centerName": "음악치료가정상담소",
        "oldAddress": "서울특별시 광진구 중곡동 192-59번지 ",
        "newAddress": "서울특별시 광진구 긴고랑로7길 54 (중곡동)",
        "email": "",
        "hp": "024615548",
        "gu": "광진구",
        "dong": "중곡동",
        "lat": "207106.05720300000  ",
        "lot": "451799.06281400000  ",
        "kind": "4"
    },
    {
        "centerName": "꿈터가정폭력상담소",
        "oldAddress": "서울특별시 영등포구 신길동 4300-33번지 ",
        "newAddress": "서울특별시 영등포구 여의대방로13길 14  (신길동)",
        "email": "",
        "hp": "60834972",
        "gu": "영등포구",
        "dong": "신길동",
        "lat": "192592.11413400000  ",
        "lot": "444305.78791100000  ",
        "kind": "4"
    },
    {
        "centerName": "대한가정법률복지상담워 부설 가정폭력상담소",
        "oldAddress": "서울특별시 양천구 신정동 952-4번지 ",
        "newAddress": "서울특별시 양천구 오목로 176 (신정동, 산호빌딩)",
        "email": "",
        "hp": "0236750142",
        "gu": "양천구",
        "dong": "신정동",
        "lat": "187364.40170800000  ",
        "lot": "447282.14460400000  ",
        "kind": "4"
    },
    {
        "centerName": "서대문가정폭력관련상담소",
        "oldAddress": "서울특별시 서대문구 북아현동 238-12번지 ",
        "newAddress": "서울특별시 서대문구 신촌로 215-2 (북아현동)",
        "email": "",
        "hp": "3640413",
        "gu": "서대문구",
        "dong": "북아현동",
        "lat": "195574.04320100000  ",
        "lot": "450864.51733800000  ",
        "kind": "4"
    },
    {
        "centerName": "(사)다문화종합복지센터 부설 다사랑가정상담소",
        "oldAddress": "서울특별시 용산구 청파동1가 161번지 ",
        "newAddress": "서울특별시 용산구 청파로 319 (청파동1가)",
        "email": "",
        "hp": "027130284",
        "gu": "용산구",
        "dong": "청파동",
        "lat": "197327.46811400000  ",
        "lot": "449846.11848800000  ",
        "kind": "4"
    },
    {
        "centerName": "용산가정폭력관련상담소",
        "oldAddress": "서울특별시 용산구 효창동 5-575번지 ",
        "newAddress": "",
        "email": "",
        "hp": "02  707 1849",
        "gu": "용산구",
        "dong": "효창동",
        "lat": "196315.354003       ",
        "lot": "448710.860788       ",
        "kind": "4"
    },
    {
        "centerName": "사단법인 한국여성상담센터",
        "oldAddress": "서울특별시 성북구 안암동3가 86번지 신일빌딩 ",
        "newAddress": "",
        "email": "",
        "hp": "02 9531704",
        "gu": "성북구",
        "dong": "안암동",
        "lat": "201877.654118       ",
        "lot": "453499.549616       ",
        "kind": "4"
    },
    {
        "centerName": "푸른나무가정폭력상담소",
        "oldAddress": "서울특별시 관악구 봉천동 1654-5번지 ",
        "newAddress": "서울특별시 관악구 남부순환로 1986 (봉천동, 경은빌딩 4층)",
        "email": "",
        "hp": "028715086",
        "gu": "관악구",
        "dong": "봉천동",
        "lat": "197287.29013400000  ",
        "lot": "441734.07285900000  ",
        "kind": "4"
    },
    {
        "centerName": "한울가족상담센터",
        "oldAddress": "서울특별시 금천구 독산동 288-5번지 영석빌딩 ",
        "newAddress": "",
        "email": "",
        "hp": "028492255",
        "gu": "금천구",
        "dong": "독산동",
        "lat": "190869.401916       ",
        "lot": "440919.941586       ",
        "kind": "4"
    },
    {
        "centerName": "희망가정폭력상담소",
        "oldAddress": "서울특별시 광진구 광장동 ",
        "newAddress": "서울특별시 광진구 광장로 1-04968, 3층호 (광장동)",
        "email": "",
        "hp": "0234370797",
        "gu": "광진구",
        "dong": "광장동",
        "lat": "",
        "lot": "",
        "kind": "4"
    },
    {
        "centerName": "나우미 가정폭력상담센터",
        "oldAddress": "서울특별시 양천구 목동 917-9번지 2715-호",
        "newAddress": "서울특별시 양천구 목동동로 293, 2715-1호 (목동, 현대41타워)",
        "email": "",
        "hp": "0220621366",
        "gu": "양천구",
        "dong": "목동",
        "lat": "189019.23160800000  ",
        "lot": "447638.79973300000  ",
        "kind": "4"
    },
    {
        "centerName": "가정행복상담센터",
        "oldAddress": "서울특별시 양천구 신정동 943-23번지 ",
        "newAddress": "서울특별시 양천구 중앙로 308-1, 하나로빌딩 2층 (신정동)",
        "email": "",
        "hp": "0260839191",
        "gu": "양천구",
        "dong": "신정동",
        "lat": "186878.98531200000  ",
        "lot": "447137.65002100000  ",
        "kind": "4"
    },
    {
        "centerName": "(사)남성의전화 부설 서울가정폭력상담센터",
        "oldAddress": "서울특별시 양천구 목동 현대41타워 1016동 1호",
        "newAddress": "",
        "email": "",
        "hp": "26531366",
        "gu": "양천구",
        "dong": "목동",
        "lat": "",
        "lot": "",
        "kind": "4"
    },
    {
        "centerName": "성결가정폭력관련상담소",
        "oldAddress": "서울특별시 종로구 행촌동 1-30번지 예수교대한성결교회총회본부빌딩 1층 101호, 3층 303호 ",
        "newAddress": "서울특별시 종로구 사직로1가길 16 (행촌동)",
        "email": "",
        "hp": "7257077",
        "gu": "종로구",
        "dong": "행촌동",
        "lat": "196805.04225200000  ",
        "lot": "452646.32581500000  ",
        "kind": "4"
    },
    {
        "centerName": "(사)아하가족성장연구소 부설 가정폭력상담소",
        "oldAddress": "서울특별시 종로구 부암동 230번지 일민기념관 4층 ",
        "newAddress": "서울특별시 종로구 창의문로10길 11 (부암동)",
        "email": "",
        "hp": "3798558",
        "gu": "종로구",
        "dong": "부암동",
        "lat": "196843.10256400000  ",
        "lot": "454924.05549500000  ",
        "kind": "4"
    },
    {
        "centerName": "(사)서울강서양천여성의전화부설강서양천가정폭력상담소",
        "oldAddress": "서울특별시 강서구 화곡동 1075-25번지 ",
        "newAddress": "",
        "email": "",
        "hp": "",
        "gu": "강서구",
        "dong": "화곡동",
        "lat": "185854.007594       ",
        "lot": "448748.967174       ",
        "kind": "4"
    },
    {
        "centerName": "희망 가정폭력상담소",
        "oldAddress": "서울특별시 동대문구 청량리동 1-1번지 ",
        "newAddress": "",
        "email": "",
        "hp": "029590101",
        "gu": "동대문구",
        "dong": "청량리동",
        "lat": "204563.041094       ",
        "lot": "453953.283303       ",
        "kind": "4"
    },
    {
        "centerName": "동대문 행복한 심리상담센터",
        "oldAddress": "서울특별시 동대문구 휘경동 49-382번지 ",
        "newAddress": "서울특별시 동대문구 한천로 244-5 (휘경동)",
        "email": "",
        "hp": "0222487702",
        "gu": "동대문구",
        "dong": "휘경동",
        "lat": "206077.58456900000  ",
        "lot": "453668.25900000000  ",
        "kind": "4"
    },
    {
        "centerName": "해윰가족상담소",
        "oldAddress": "서울특별시 강북구 미아동 134-97번지 ",
        "newAddress": "",
        "email": "",
        "hp": "07081161366",
        "gu": "강북구",
        "dong": "미아동",
        "lat": "202528.436034       ",
        "lot": "457621.423953       ",
        "kind": "4"
    },
    {
        "centerName": "사)남성의전화 부설 서울가정폭력상담센터",
        "oldAddress": "서울특별시 양천구 목동 917-9번지 ",
        "newAddress": "",
        "email": "",
        "hp": "0226520458",
        "gu": "양천구",
        "dong": "목동",
        "lat": "188953.066831       ",
        "lot": "447333.569188       ",
        "kind": "4"
    },
    {
        "centerName": "서울 성동 가정상담센터",
        "oldAddress": "서울특별시 성동구 도선동 343-8번지 ",
        "newAddress": "서울특별시 성동구 무학로2길 7, 301호 (도선동)",
        "email": "",
        "hp": "0222972911",
        "gu": "성동구",
        "dong": "도선동",
        "lat": "202670              ",
        "lot": "451356              ",
        "kind": "4"
    },
    {
        "centerName": "서초가족상담센터",
        "oldAddress": "서울특별시 서초구 서초동 1640-25번지 ",
        "newAddress": "서울특별시 서초구 서초중앙로22길 92-13 (서초동, 화니빌딩)",
        "email": "",
        "hp": "025822710",
        "gu": "서초구",
        "dong": "서초동",
        "lat": "201721.37782300000  ",
        "lot": "443808.45454800000  ",
        "kind": "4"
    },
    {
        "centerName": "동산가정폭력상담소",
        "oldAddress": "서울특별시 서초구 방배동 877-18번지 3층 ",
        "newAddress": "서울특별시 서초구 서초대로27길 10-10  (방배동,3층)",
        "email": "",
        "hp": "025997646",
        "gu": "서초구",
        "dong": "방배동",
        "lat": "199591.27732500000  ",
        "lot": "443250.19159600000  ",
        "kind": "4"
    },
    {
        "centerName": "월계우리가족상담소",
        "oldAddress": "서울특별시 노원구 월계동 556번지 월계종합사회복지관 내 2층 ",
        "newAddress": "서울특별시 노원구 초안산로1길 51 (월계동)",
        "email": "",
        "hp": "029040179",
        "gu": "노원구",
        "dong": "월계동",
        "lat": "204663.99541600000  ",
        "lot": "458628.93744800000  ",
        "kind": "4"
    },
    {
        "centerName": "잠실가정폭력상담소",
        "oldAddress": "서울특별시 송파구 잠실동 188-1번지 ",
        "newAddress": "서울특별시 송파구 올림픽로12길 12  (잠실동)",
        "email": "",
        "hp": "",
        "gu": "송파구",
        "dong": "잠실동",
        "lat": "207318.61596300000  ",
        "lot": "445679.68356000000  ",
        "kind": "4"
    },
    {
        "centerName": "(사)한국여성의전화 가정폭력상담소",
        "oldAddress": "서울특별시 은평구 녹번동 1-15번지 ",
        "newAddress": "",
        "email": "",
        "hp": "0231565400",
        "gu": "은평구",
        "dong": "녹번동",
        "lat": "194534.510398       ",
        "lot": "456373.042829       ",
        "kind": "4"
    },
    {
        "centerName": "은평가정폭력상담소",
        "oldAddress": "서울특별시 은평구 수색동 8-15번지 ",
        "newAddress": "서울특별시 은평구 은평터널로 48  (수색동)",
        "email": "",
        "hp": "02326 1366",
        "gu": "은평구",
        "dong": "수색동",
        "lat": "191107.82511600000  ",
        "lot": "453948.68692100000  ",
        "kind": "4"
    }
]