[
    {
        "centerName": "서울시가족센터",
        "oldAddress": "",
        "newAddress": "(04628) 서울특별시 중구 소파로4길 6",
        "homepage": "",
        "email": "",
        "hp": "02-318-0227",
        "gu": "중구",
        "dong": "",
        "lat": "",
        "lot": "",
        "kind": "5"
    },
    {
        "centerName": "강남구가족센터",
        "oldAddress": "",
        "newAddress": "(06336) 서울특별시 강남구 개포로 617-8",
        "homepage": "",
        "email": "",
        "hp": "02-3412-2222",
        "gu": "강남구",
        "dong": "",
        "lat": "",
        "lot": "",
        "kind": "5"
    },
    {
        "centerName": "강동구가족센터",
        "oldAddress": "",
        "newAddress": "(05266) 서울특별시 강동구 양재대로 1634, 3층",
        "homepage": "",
        "email": "",
        "hp": "02-471-0812",
        "gu": "강동구",
        "dong": "",
        "lat": "",
        "lot": "",
        "kind": "5"
    },
    {
        "centerName": "강북구가족센터",
        "oldAddress": "",
        "newAddress": "(01064) 서울특별시 강북구 한천로 129길 6",
        "homepage": "",
        "email": "",
        "hp": "02-987-2567",
        "gu": "강북구",
        "dong": "",
        "lat": "",
        "lot": "",
        "kind": "5"
    },
    {
        "centerName": "강서구가족센터",
        "oldAddress": "",
        "newAddress": "(07781) 서울특별시 강서구 강서로 5길 50, 곰달래 문화복지센터 4층",
        "homepage": "",
        "email": "",
        "hp": "02-2606-2017",
        "gu": "강서구",
        "dong": "",
        "lat": "",
        "lot": "",
        "kind": "5"
    },
    {
        "centerName": "관악구가족센터",
        "oldAddress": "",
        "newAddress": "(08825) 서울특별시 관악구 신림로 3길 35 김삼준문화복지기념관 3층 사무실",
        "homepage": "",
        "email": "",
        "hp": "02-883-9383",
        "gu": "관악구",
        "dong": "",
        "lat": "",
        "lot": "",
        "kind": "5"
    },
    {
        "centerName": "광진구가족센터",
        "oldAddress": "",
        "newAddress": "(05072) 서울특별시 광진구 아차산로 24길 17, 자양공공힐링센터 5층",
        "homepage": "",
        "email": "",
        "hp": "02-458-0666",
        "gu": "광진구",
        "dong": "",
        "lat": "",
        "lot": "",
        "kind": "5"
    },
    {
        "centerName": "구로구가족센터",
        "oldAddress": "",
        "newAddress": "(08383) 서울특별시 구로구 우마2길 35, 구로구가족통합지원센터 2,3층",
        "homepage": "",
        "email": "",
        "hp": "02-869-0317",
        "gu": "구로구",
        "dong": "",
        "lat": "",
        "lot": "",
        "kind": "5"
    },
    {
        "centerName": "금천구가족센터",
        "oldAddress": "",
        "newAddress": "(08627) 서울특별시 금천구 금하로 11길 40",
        "homepage": "",
        "email": "",
        "hp": "02-803-7747",
        "gu": "금천구",
        "dong": "",
        "lat": "",
        "lot": "",
        "kind": "5"
    },
    {
        "centerName": "노원구가족센터",
        "oldAddress": "",
        "newAddress": "(01857) 서울특별시 노원구 동일로173가길 94 가온빌딩 3층",
        "homepage": "",
        "email": "",
        "hp": "02-979-3501",
        "gu": "노원구",
        "dong": "",
        "lat": "",
        "lot": "",
        "kind": "5"
    }
]