[
    {
        "centerName": "서울시청소년상담복지센터",
        "oldAddress": "서울특별시 중구 수표동 27-2 청소년회관 7층",
        "newAddress": "서울특별시 중구 을지로 11길 23 7층",
        "homepage": "www.teen1318.or.kr",
        "email": "22851318@hanmail.net",
        "hp": "0222851318",
        "gu": "중구",
        "dong": "수표동",
        "lat": 37.56746952,
        "lot": 126.9905565,
        "kind": "1"
    },
    {
        "centerName": "노원구청소년상담복지센터",
        "oldAddress": "서울특별시 노원구 상계동 1035-9 2층",
        "newAddress": "서울특별시 노원구 수락산로 212-19 2층",
        "homepage": "www.nowonyouthcenter.org",
        "email": "1388youth@hanmail.net",
        "hp": "0220911388",
        "gu": "노원구",
        "dong": "상계동",
        "lat": 37.67144322,
        "lot": 127.0548267,
        "kind": "1"
    },
    {
        "centerName": "양천구청소년상담복지센터",
        "oldAddress": "서울특별시 양천구 신월동 1078-1",
        "newAddress": "서울특별시 양천구 남부순환로83길 53",
        "homepage": "http://yangcheon1388.or.kr/",
        "email": "ycg1388@naver.com",
        "hp": "0226468341",
        "gu": "양천구",
        "dong": "신월동",
        "lat": 37.51801587,
        "lot": 126.8450821,
        "kind": "1"
    },
    {
        "centerName": "영등포구청소년상담복지센터",
        "oldAddress": "서울특별시 영등포구 영등포동 645-20 해광빌딩 2층",
        "newAddress": "서울특별시 영등포구 도영로22길 36 해광빌딩 2층",
        "homepage": "www.young1318.com",
        "email": "yp26766114@daum.net",
        "hp": "0226766114",
        "gu": "영등포구",
        "dong": "영등포동",
        "lat": 37.51015661,
        "lot": 126.9032928,
        "kind": "1"
    },
    {
        "centerName": "동작구청소년상담복지센터",
        "oldAddress": "서울특별시 동작구 신대방동 722 시립보라매청소년센터 슬기동 2층",
        "newAddress": "서울특별시 동작구 여의대방로20길 61 시립보라매청소년센터 슬기동 2층",
        "homepage": "http://djyc1388.or.kr/",
        "email": "dongjak-c@boramyc.or.kr",
        "hp": "028341355",
        "gu": "동작구",
        "dong": "신대방동",
        "lat": 37.4938686,
        "lot": 126.9218063,
        "kind": "1"
    },
    {
        "centerName": "강남구청소년상담복지센터",
        "oldAddress": "서울특별시 강남구 수서동 749 서울시립 수서청소년수련원 2층",
        "newAddress": "서울특별시 강남구 광평로 144 수서청소년수련관 2층",
        "homepage": "www.gnyc.or.kr",
        "email": "hisangdam@hanmail.net",
        "hp": "0222268555",
        "gu": "강남구",
        "dong": "수서동",
        "lat": 37.48325582,
        "lot": 127.0893644,
        "kind": "1"
    },
    {
        "centerName": "중랑구청소년상담복지센터",
        "oldAddress": "서울특별시 중랑구 면목동 1382-10 중랑청소년수련관 3층",
        "newAddress": "서울특별시 중랑구 용마산로 217 청소년수련관 3층",
        "homepage": "www.jn1318.or.kr",
        "email": "jnyouth1318@daum.net",
        "hp": "024900222",
        "gu": "중랑구",
        "dong": "면목동",
        "lat": 37.57322658,
        "lot": 127.0859728,
        "kind": "1"
    },
    {
        "centerName": "강북구청소년상담복지센터",
        "oldAddress": "서울특별시 강북구 수유동 535-380 시립강북청소년센터",
        "newAddress": "서울특별시 강북구 4.19로 74",
        "homepage": "www.gb1318.or.kr",
        "email": "gb1388@hanmail.net",
        "hp": "0267156661",
        "gu": "강북구",
        "dong": "수유동",
        "lat": 37.64598909,
        "lot": 127.0064058,
        "kind": "1"
    },
    {
        "centerName": "도봉구청소년상담복지센터",
        "oldAddress": "서울특별시 도봉구 창동 1-6 창동운동장 및 문화체육센터 1층",
        "newAddress": "서울특별시 도봉구 노해로69길 132 문화체육센터 1층",
        "homepage": "www.db1318.or.kr",
        "email": "cdyouth1388@hanmail.net",
        "hp": "0269564501",
        "gu": "도봉구",
        "dong": "창동",
        "lat": 37.6581174,
        "lot": 127.0507053,
        "kind": "1"
    },
    {
        "centerName": "성동구청소년상담복지센터",
        "oldAddress": "서울특별시 성동구 금호동1가 산37-1",
        "newAddress": "서울특별시 성동구 행당로6길 24-15",
        "homepage": "https://www.sdfac.or.kr/kor/tcwc/main.do?gotoMenuNo=",
        "email": "22991388@hanmail.net",
        "hp": "0222991388",
        "gu": "성동구",
        "dong": "금호동",
        "lat": 37.55422601,
        "lot": 127.027099,
        "kind": "1"
    },
    {
        "centerName": "금천구청소년상담복지센터",
        "oldAddress": "서울특별시 금천구 시흥동 산84-7",
        "newAddress": "서울특별시 금천구 금하로30길 54",
        "homepage": "www.gc1388.or.kr",
        "email": "8041389@hanmail.net",
        "hp": "028031873",
        "gu": "금천구",
        "dong": "시흥동",
        "lat": 37.4482221,
        "lot": 126.9156908,
        "kind": "1"
    },
    {
        "centerName": "서대문구청소년상담복지센터",
        "oldAddress": "서울특별시 서대문구 북가좌동 337-15",
        "newAddress": "서울특별시 서대문구 증가로30길 45-9",
        "homepage": "www.sdm7979.or.kr/",
        "email": "1388sdm@naver.com",
        "hp": "0231411318",
        "gu": "서대문구",
        "dong": "북가좌동",
        "lat": 37.58472314,
        "lot": 126.9137295,
        "kind": "1"
    },
    {
        "centerName": "은평구청소년상담복지센터",
        "oldAddress": "서울특별시 은평구 응암동 산6-46 은평청소년수련관",
        "newAddress": "서울특별시 은평구 백련산로4길 16 은평청소년수련관",
        "homepage": "http://www.ep1318.or.kr/",
        "email": "azit1318@hanmail.net",
        "hp": "023841318",
        "gu": "은평구",
        "dong": "응암동",
        "lat": 37.59421574,
        "lot": 126.9245442,
        "kind": "1"
    },
    {
        "centerName": "서초구청소년상담복지센터",
        "oldAddress": "서울특별시 서초구 방배동 1031-4 구립 방배유스센터 2층",
        "newAddress": "서울특별시 서초구 방배로5길 11 2층",
        "homepage": "http://seocho1318.com/",
        "email": "loveinbb@daum.net",
        "hp": "025259128",
        "gu": "서초구",
        "dong": "방배동",
        "lat": 37.47828604,
        "lot": 126.9990556,
        "kind": "1"
    },
    {
        "centerName": "송파구청소년상담복지센터",
        "oldAddress": "서울특별시 송파구 문정동 150-8 청소년수련시설 3층",
        "newAddress": "서울특별시 송파구 중대로4길 4 송파구청소년센터 3층",
        "homepage": "www.sp1318.or.kr",
        "email": "sp1388@daum.net",
        "hp": "024497179",
        "gu": "송파구",
        "dong": "문정동",
        "lat": 37.48970358,
        "lot": 127.1112621,
        "kind": "1"
    },
    {
        "centerName": "마포구청소년상담복지센터",
        "oldAddress": "서울특별시 마포구 망원동 521 마포한강아이파크",
        "newAddress": "서울특별시 마포구 희우정로 77 마포한강아이파크 상가동",
        "homepage": "www.mapo1388.or.kr",
        "email": "mapo1388@hanmail.net",
        "hp": "0263769900",
        "gu": "마포구",
        "dong": "망원동",
        "lat": 37.55314381,
        "lot": 126.9027403,
        "kind": "1"
    },
    {
        "centerName": "광진구청소년상담복지센터",
        "oldAddress": "서울특별시 광진구 자양동 13-28 자양공공힐링센터 3층",
        "newAddress": "서울특별시 광진구 아차산로24길 17 자양공공힐링센터 3층",
        "homepage": "www.light1318.or.kr",
        "email": "gjuscenter@naver.com",
        "hp": "0222052300",
        "gu": "광진구",
        "dong": "자양동",
        "lat": 37.54026343,
        "lot": 127.0651093,
        "kind": "1"
    },
    {
        "centerName": "강서구청소년상담복지센터",
        "oldAddress": "서울특별시 강서구 화곡동 1071-26 강서구 청소년상담복지센터",
        "newAddress": "서울특별시 강서구 화곡로18길 14-5",
        "homepage": "www.gs1318.or.kr",
        "email": "1388gs@hanmail.net",
        "hp": "0226491318",
        "gu": "강서구",
        "dong": "화곡동",
        "lat": 37.53943758,
        "lot": 126.8355313,
        "kind": "1"
    },
    {
        "centerName": "관악구청소년상담복지센터",
        "oldAddress": "서울특별시 관악구 봉천동 산56-3 싱글벙글교육센터 벙글동 4층",
        "newAddress": "서울특별시 관악구 남부순환로234길 73 싱글벙글교육센터 벙글동 4층",
        "homepage": "http://go1318.or.kr/",
        "email": "1388ga@hanmail.net",
        "hp": "028721318",
        "gu": "관악구",
        "dong": "봉천동",
        "lat": 37.47609625,
        "lot": 126.9562881,
        "kind": "1"
    },
    {
        "centerName": "동대문구청소년상담복지센터",
        "oldAddress": "서울특별시 동대문구 신설동 104-35 신설동 복지지원센터 2층",
        "newAddress": "서울특별시 동대문구 천호대로2길 23-9 신설동복지지원센터 2층",
        "homepage": "www.ddm1318.or.kr",
        "email": "ddm1318@naver.com",
        "hp": "0222361318",
        "gu": "동대문구",
        "dong": "신설동",
        "lat": 37.57392026,
        "lot": 127.0245993,
        "kind": "1"
    },
    {
        "centerName": "용산구청소년상담복지센터",
        "oldAddress": "서울특별시 용산구 원효로1가 25",
        "newAddress": "서울특별시 용산구 백범로 329",
        "homepage": "www.dodoit.or.kr",
        "email": "dodoit1388@daum.net",
        "hp": "0232735820",
        "gu": "용산구",
        "dong": "원효로",
        "lat": 37.5389038,
        "lot": 126.9650122,
        "kind": "1"
    },
    {
        "centerName": "구로구청소년상담복지센터",
        "oldAddress": "서울특별시 구로구 천왕동 14 천왕동청소년문화의집 2층",
        "newAddress": "서울특별시 구로구 오리로 1115 천왕동청소년문화의집 2층",
        "homepage": "www.guro1318.or.kr",
        "email": "guro1388@daum.net",
        "hp": "028671318",
        "gu": "구로구",
        "dong": "천왕동",
        "lat": 37.48392935,
        "lot": 126.8402408,
        "kind": "1"
    },
    {
        "centerName": "강동구청소년상담복지센터",
        "oldAddress": "서울특별시 강동구 강일동 665-2 시립강동청소년센터 2층",
        "newAddress": "서울특별시 강동구 아리수로93길 47 서울시립강동청소년수련관 2층",
        "homepage": "http://www.wagle.or.kr/sub7/sub01.php",
        "email": "gdyouth@hanmail.net",
        "hp": "07088191388",
        "gu": "강동구",
        "dong": "강일동",
        "lat": 37.5664776,
        "lot": 127.1730293,
        "kind": "1"
    },
    {
        "centerName": "종로구청소년상담복지센터",
        "oldAddress": "서울특별시 종로구 혜화동 71-5 종로구청소년상담복지센터",
        "newAddress": "서울특별시 종로구 창경궁로35가길 13",
        "homepage": "www.jongno1318.or.kr",
        "email": "jongno1318@hanmail.net",
        "hp": "027621318",
        "gu": "종로구",
        "dong": "혜화동",
        "lat": 37.58714941,
        "lot": 127.0011207,
        "kind": "1"
    },
    {
        "centerName": "성북구청소년상담복지센터",
        "oldAddress": "서울특별시 성북구 정릉동 966-1 성북아동청소년센터 4층",
        "newAddress": "서울특별시 성북구 정릉로 242 성북아동청소년센터 4층",
        "homepage": "www.sb1318.or.kr",
        "email": "sungbuk1388@naver.com",
        "hp": "0232921779",
        "gu": "성북구",
        "dong": "정릉동",
        "lat": 37.60474016,
        "lot": 127.0105826,
        "kind": "1"
    }
]