[
    {
        "centerName": "강남구 정신건강복지센터",
        "oldAddress": "",
        "newAddress": "서울특별시 강남구 자곡로 100, 자곡문화센터 2층",
        "homepage": "https://health.gangnam.go.kr/",
        "email": "",
        "hp": "",
        "gu": "강남구",
        "dong": "",
        "lat": "",
        "lot": "",
        "kind": "2"
    },
    {
        "centerName": "강북구 정신건강복지센터",
        "oldAddress": "",
        "newAddress": "서울특별시 강북구 삼양로19길 154 삼각산분소 3층",
        "homepage": "ehealth.gangbuk.go.kr/site/kr/maeum",
        "email": "",
        "hp": "",
        "gu": "강북구",
        "dong": "",
        "lat": "",
        "lot": "",
        "kind": "2"
    },
    {
        "centerName": "경희의료원",
        "oldAddress": "",
        "newAddress": "서울특별시 동대문구 홍릉로81 2층",
        "homepage": "ddmmind.net",
        "email": "",
        "hp": "",
        "gu": "동대문구",
        "dong": "",
        "lat": "",
        "lot": "",
        "kind": "2"
    },
    {
        "centerName": "관악구 정신건강복지센터",
        "oldAddress": "",
        "newAddress": "서울특별시 관악구 관악로 145, 3동 4층",
        "homepage": "www.gwanakmaum.or.kr/",
        "email": "",
        "hp": "",
        "gu": "관악구",
        "dong": "",
        "lat": "",
        "lot": "",
        "kind": "2"
    },
    {
        "centerName": "광진구정신건강복지센터",
        "oldAddress": "",
        "newAddress": "서울특별시 광진구 긴고랑로 110 중곡종합건강센터 4층",
        "homepage": "www.hopegj.or.kr",
        "email": "",
        "hp": "",
        "gu": "광진구",
        "dong": "",
        "lat": "",
        "lot": "",
        "kind": "2"
    },
    {
        "centerName": "구로구 정신건강복지센터",
        "oldAddress": "",
        "newAddress": "서울특별시 구로구 새말로 60",
        "homepage": "www.grcmhc.or.kr",
        "email": "",
        "hp": "",
        "gu": "구로구",
        "dong": "",
        "lat": "",
        "lot": "",
        "kind": "2"
    },
    {
        "centerName": "국립중앙의료원",
        "oldAddress": "",
        "newAddress": "서울특별시 강동구 성내로 45, 1층",
        "homepage": "www.happygd.co.kr/",
        "email": "",
        "hp": "",
        "gu": "강동구",
        "dong": "",
        "lat": "",
        "lot": "",
        "kind": "2"
    },
    {
        "centerName": "노원구 정신건강복지센터",
        "oldAddress": "",
        "newAddress": "서울특별시 노원구 노해로 455, 인산빌딩 5층",
        "homepage": "www.nowonmind.or.kr",
        "email": "",
        "hp": "",
        "gu": "노원구",
        "dong": "",
        "lat": "",
        "lot": "",
        "kind": "2"
    },
    {
        "centerName": "노정신건강의학과의원",
        "oldAddress": "",
        "newAddress": "서울특별시 마포구 성산로4길 15 3층",
        "homepage": "www.mapomhc.org",
        "email": "",
        "hp": "",
        "gu": "마포구",
        "dong": "",
        "lat": "",
        "lot": "",
        "kind": "2"
    },
    {
        "centerName": "도봉구 정신건강복지센터",
        "oldAddress": "",
        "newAddress": "서울특별시 도봉구 방학로3길 117, 1층",
        "homepage": "health.dobong.go.kr/",
        "email": "",
        "hp": "",
        "gu": "도봉구",
        "dong": "",
        "lat": "",
        "lot": "",
        "kind": "2"
    },
    {
        "centerName": "동작구 정신건강복지센터",
        "oldAddress": "",
        "newAddress": "서울특별시 동작구 남부순환로 2025",
        "homepage": "www.dongjak.go.kr",
        "email": "",
        "hp": "",
        "gu": "동작구",
        "dong": "",
        "lat": "",
        "lot": "",
        "kind": "2"
    },
    {
        "centerName": "명지병원",
        "oldAddress": "",
        "newAddress": "서울특별시 강서구 공항대로 561 강서구보건소 지하1층",
        "homepage": "www.kscmhc.or.kr/",
        "email": "",
        "hp": "",
        "gu": "강서구",
        "dong": "",
        "lat": "",
        "lot": "",
        "kind": "2"
    },
    {
        "centerName": "새움병원",
        "oldAddress": "",
        "newAddress": "서울특별시 금천구 시흥대로 123길 11 5층",
        "homepage": "gcmhc.modoo.at/",
        "email": "",
        "hp": "",
        "gu": "금천구",
        "dong": "",
        "lat": "",
        "lot": "",
        "kind": "2"
    },
    {
        "centerName": "서대문구 정신건강복지센터",
        "oldAddress": "",
        "newAddress": "서울특별시 서대문구 연희로 290, 4층",
        "homepage": "health.sdm.go.kr/",
        "email": "",
        "hp": "",
        "gu": "서대문구",
        "dong": "",
        "lat": "",
        "lot": "",
        "kind": "2"
    },
    {
        "centerName": "서울대병원",
        "oldAddress": "",
        "newAddress": "서울특별시 종로구 성균관로 15길 10",
        "homepage": "www.jongnomind.org",
        "email": "",
        "hp": "",
        "gu": "종로구",
        "dong": "",
        "lat": "",
        "lot": "",
        "kind": "2"
    },
    {
        "centerName": "서울대병원",
        "oldAddress": "",
        "newAddress": "서울특별시 중구 서소문로 6길 16 3층",
        "homepage": "www.junggumind.or.kr",
        "email": "",
        "hp": "",
        "gu": "중구",
        "dong": "",
        "lat": "",
        "lot": "",
        "kind": "2"
    },
    {
        "centerName": "서울의료원",
        "oldAddress": "",
        "newAddress": "서울특별시 중랑구 면목로238 중랑구민회관 1층",
        "homepage": "mind.jungnang.go.kr/mind/main.do",
        "email": "",
        "hp": "",
        "gu": "중랑구",
        "dong": "",
        "lat": "",
        "lot": "",
        "kind": "2"
    },
    {
        "centerName": "서초구 정신건강복지센터",
        "oldAddress": "",
        "newAddress": "서울특별시 서초구 염곡말길 9 느티나무쉼터 3층",
        "homepage": "www.scgmhc.or.kr",
        "email": "",
        "hp": "",
        "gu": "서초구",
        "dong": "",
        "lat": "",
        "lot": "",
        "kind": "2"
    },
    {
        "centerName": "성북구 정신건강복지센터",
        "oldAddress": "",
        "newAddress": "서울특별시 성북구 화랑로 63",
        "homepage": "www.sbcmhc1.or.kr",
        "email": "",
        "hp": "",
        "gu": "성북구",
        "dong": "",
        "lat": "",
        "lot": "",
        "kind": "2"
    },
    {
        "centerName": "송파구 정신건강복지센터",
        "oldAddress": "",
        "newAddress": "서울특별시 송파구 양산로 5",
        "homepage": "www.songpa.go.kr/ehealth/",
        "email": "",
        "hp": "",
        "gu": "송파구",
        "dong": "",
        "lat": "",
        "lot": "",
        "kind": "2"
    },
    {
        "centerName": "영등포구 정신건강복지센터",
        "oldAddress": "",
        "newAddress": "서울특별시 영등포구 당산로 123, 영등포구보건소 4층",
        "homepage": "www.ydp.go.kr/health/main.do",
        "email": "",
        "hp": "",
        "gu": "영등포구",
        "dong": "",
        "lat": "",
        "lot": "",
        "kind": "2"
    },
    {
        "centerName": "용산구 정신건강복지센터",
        "oldAddress": "",
        "newAddress": "서울특별시 용산구 녹사평대로150 용산보건소1층",
        "homepage": "ysmind.org",
        "email": "",
        "hp": "",
        "gu": "용산구",
        "dong": "",
        "lat": "",
        "lot": "",
        "kind": "2"
    },
    {
        "centerName": "은평구 정신건강복지센터",
        "oldAddress": "",
        "newAddress": "서울특별시 은평구 연서로 34길 11",
        "homepage": "health.ep.go.kr",
        "email": "",
        "hp": "",
        "gu": "은평구",
        "dong": "",
        "lat": "",
        "lot": "",
        "kind": "2"
    },
    {
        "centerName": "이대목동병원",
        "oldAddress": "",
        "newAddress": "서울특별시 양천구 목동서로 339 양천구보건소 지하1층",
        "homepage": "www.yctouch.or.kr",
        "email": "",
        "hp": "",
        "gu": "양천구",
        "dong": "",
        "lat": "",
        "lot": "",
        "kind": "2"
    },
    {
        "centerName": "한양대학교병원",
        "oldAddress": "",
        "newAddress": "서울특별시 성동구 행당로12",
        "homepage": "www.mindcare.or.kr",
        "email": "",
        "hp": "",
        "gu": "성동구",
        "dong": "",
        "lat": "",
        "lot": "",
        "kind": "2"
    }
]