[
  {
    "centerName": "한국성폭력상담소",
    "oldAddress": "",
    "newAddress": "서울특별시 마포구 성지1길 32-42",
    "homepage": "02-338-2890",
    "email": "",
    "gu": "마포구",
    "dong": "",
    "lat": "",
    "lot": "",
    "kind": "3"
  },
  {
    "centerName": "한국여성민우회성폭력상담소",
    "oldAddress": "",
    "newAddress": "서울특별시 마포구 월드컵로26길 39 (성산동)",
    "homepage": "02-739-8858",
    "email": "",
    "gu": "마포구",
    "dong": "",
    "lat": "",
    "lot": "",
    "kind": "3"
  },
  {
    "centerName": "탁틴내일아동청소년성폭력상담소",
    "oldAddress": "",
    "newAddress": "서울특별시 종로구 새문안로3길 3, B2",
    "homepage": "02-338-8043",
    "email": "",
    "gu": "종로구",
    "dong": "",
    "lat": "",
    "lot": "",
    "kind": "3"
  },
  {
    "centerName": "천주교성폭력상담소",
    "oldAddress": "",
    "newAddress": "서울특별시 동작구 상도로15마길 8-13",
    "homepage": "02-825-1272",
    "email": "",
    "gu": "동작구",
    "dong": "",
    "lat": "",
    "lot": "",
    "kind": "3"
  },
  {
    "centerName": "한국성폭력위기센터",
    "oldAddress": "",
    "newAddress": "서울특별시 강남구 선릉로 623, 오성빌딩 301호",
    "homepage": "02-883-9284",
    "email": "",
    "gu": "강남구",
    "dong": "",
    "lat": "",
    "lot": "",
    "kind": "3"
  },
  {
    "centerName": "벧엘성가족상담센터",
    "oldAddress": "",
    "newAddress": "서울특별시 금천구 시흥대로 102, 301호 (시흥동, 동하빌딩)",
    "homepage": "02-896-0401",
    "email": "",
    "gu": "금천구",
    "dong": "",
    "lat": "",
    "lot": "",
    "kind": "3"
  },
  {
    "centerName": "이레성폭력상담소",
    "oldAddress": "",
    "newAddress": "서울특별시 관악구 신사로 120-1 성준빌딩 5층",
    "homepage": "02-3281-1366",
    "email": "",
    "gu": "관악구",
    "dong": "",
    "lat": "",
    "lot": "",
    "kind": "3"
  },
  {
    "centerName": "가족과성건강아동청소년상담소",
    "oldAddress": "",
    "newAddress": "서울특별시 구로구 오류로 86. 808호 (오류동, 동선오피스텔)",
    "homepage": "070-8128-1366, 02-2688-1366",
    "email": "",
    "gu": "구로구",
    "dong": "",
    "lat": "",
    "lot": "",
    "kind": "3"
  },
  {
    "centerName": "서초성폭력상담소",
    "oldAddress": "",
    "newAddress": "서울특별시 서초구 서초대로27길 10-10. 4층",
    "homepage": "02-599-7606",
    "email": "",
    "gu": "서초구",
    "dong": "",
    "lat": "",
    "lot": "",
    "kind": "3"
  },
  {
    "centerName": "북한이탈여성 성폭력피해상담소",
    "oldAddress": "",
    "newAddress": "서울특별시 양천구 목동동로 339 목동트임빌 131호 ",
    "homepage": "02-2651-1366",
    "email": "",
    "gu": "양천구",
    "dong": "",
    "lat": "",
    "lot": "",
    "kind": "3"
  },
  {
    "centerName": "꿈과희망상담센터",
    "oldAddress": "",
    "newAddress": "서울특별시 동작구 대림로 6 (신대방동)",
    "homepage": "070-7503-1366",
    "email": "",
    "gu": "동작구",
    "dong": "",
    "lat": "",
    "lot": "",
    "kind": "3"
  },
  {
    "centerName": "꿈터성폭력상담소",
    "oldAddress": "",
    "newAddress": "서울특별시 영등포구 여의대방로13길 14",
    "homepage": "02-6083-4971",
    "email": "",
    "gu": "영등포구",
    "dong": "",
    "lat": "",
    "lot": "",
    "kind": "3"
  },
  {
    "centerName": "서울여성장애인성폭력상담소",
    "oldAddress": "",
    "newAddress": "서울특별시 영등포구 의사당대로 22 이룸센터 402호",
    "homepage": "02-3675-4465~6",
    "email": "",
    "gu": "영등포구",
    "dong": "",
    "lat": "",
    "lot": "",
    "kind": "3"
  },
  {
    "centerName": "장애여성성폭력상담소",
    "oldAddress": "",
    "newAddress": "서울특별시 강동구 올림픽로 664 101동 410호",
    "homepage": "02-3013-1367",
    "email": "",
    "gu": "강동구",
    "dong": "",
    "lat": "",
    "lot": "",
    "kind": "3"
  },
  {
    "centerName": "꿈누리여성장애인상담소",
    "oldAddress": "",
    "newAddress": "서울특별시 중랑구 망우로 244 덕화빌딩 6층 602호",
    "homepage": "02-902-3356",
    "email": "",
    "gu": "중랑구",
    "dong": "",
    "lat": "",
    "lot": "",
    "kind": "3"
  },
  {
    "centerName": "한사회장애인성폭력상담센터",
    "oldAddress": "",
    "newAddress": "서울특별시 강서구 양천로 357 려산빌딩 지하1층",
    "homepage": "02-2658-1366",
    "email": "",
    "gu": "강서구",
    "dong": "",
    "lat": "",
    "lot": "",
    "kind": "3"
  },
  {
    "centerName": "군성폭력상담소",
    "oldAddress": "",
    "newAddress": "서울특별시 마포구 신촌로14길 20 태안빌딩 4층",
    "homepage": "02-733-7119",
    "email": "",
    "gu": "마포구",
    "dong": "",
    "lat": "",
    "lot": "",
    "kind": "3"
  }
]